,doc2vec_dm,doc2vec_dm_mean,doc2vec_docs,doc2vec_epochs,doc2vec_hs,doc2vec_learning_rate_end,doc2vec_learning_rate_start,doc2vec_min_count,doc2vec_negative,doc2vec_vector_size,doc2vec_window,f1,nn_batch_size,nn_dense_activation_function,nn_dropout,nn_epochs,nn_features,nn_hidden_neurons,nn_layers,nn_lstm_activation_function,nn_lstm_n_prev,precision,recall
0,1,1,../resources/encoder_training_docs/full_1_measure.txt,2,0,0.2,0.025,10,0,16,5,0.6708473818149766,25,linear,0.1,40,"bpm, measure, beat",40,15,selu,12,0.7446416470304023,0.6386087636819037
0,1,1,../resources/encoder_training_docs/full_1_measure.txt,2,0,0.2,0.025,10,0,24,1,0.6068921065252951,25,linear,0.05,20,"bpm, measure, beat",40,20,selu,16,0.6631521720432971,0.5926695006874193
0,1,1,../resources/encoder_training_docs/full_1_measure.txt,2,0,0.2,0.025,10,0,20,1,0.5607945978743845,15,linear,0.05,20,"bpm, measure, beat",30,15,selu,12,0.6122179666147187,0.5422697623528521
0,1,1,../resources/encoder_training_docs/full_1_measure.txt,2,0,0.2,0.025,10,0,20,1,0.6144839046968503,15,linear,0.05,40,"bpm, measure, beat",40,10,selu,16,0.6422254572452585,0.6075092764146844
0,1,1,../resources/encoder_training_docs/full_1_measure.txt,2,0,0.2,0.025,10,0,20,5,0.6600845600618372,25,linear,0.0,20,"bpm, measure, beat",30,10,selu,16,0.6847483645932,0.6565458906236677
0,1,1,../resources/encoder_training_docs/full_1_measure.txt,2,0,0.2,0.025,10,0,24,10,0.6572710610820072,25,linear,0.05,40,"bpm, measure, beat",40,10,selu,16,0.6783680446311102,0.6596478319519284
0,1,1,../resources/encoder_training_docs/full_1_measure.txt,2,0,0.2,0.025,10,0,16,10,0.7725596523265809,25,linear,0.0,40,"bpm, measure, beat",30,15,selu,16,0.7827494199986571,0.7891168017182429
0,1,1,../resources/encoder_training_docs/full_1_measure.txt,2,0,0.2,0.025,10,0,20,10,0.6895612150887099,15,linear,0.0,40,"bpm, measure, beat",40,10,selu,16,0.7258206720746486,0.6852114500949145
0,1,1,../resources/encoder_training_docs/full_1_measure.txt,2,0,0.2,0.025,10,0,16,5,0.7723593768409712,25,linear,0.05,40,"bpm, measure, beat",40,15,selu,16,0.7781235035243994,0.7818921758868522
0,1,1,../resources/encoder_training_docs/full_1_measure.txt,2,0,0.2,0.025,10,0,16,5,0.5657353037839279,25,linear,0.1,20,"bpm, measure, beat",30,15,selu,12,0.6286497917197421,0.5347171650079602
0,1,1,../resources/encoder_training_docs/full_1_measure.txt,2,0,0.2,0.025,10,0,24,10,0.6493520802453877,15,linear,0.1,40,"bpm, measure, beat",30,10,selu,12,0.7136610067415674,0.624317453553513
0,1,1,../resources/encoder_training_docs/full_1_measure.txt,2,0,0.2,0.025,10,0,16,5,0.46680625400037457,25,linear,0.05,20,"bpm, measure, beat",30,20,selu,12,0.5293391660593526,0.4359789031628248
0,1,1,../resources/encoder_training_docs/full_1_measure.txt,2,0,0.2,0.025,10,0,20,5,0.674271879963711,25,linear,0.0,40,"bpm, measure, beat",30,15,selu,12,0.75070086600432,0.6413757754034016
0,1,1,../resources/encoder_training_docs/full_1_measure.txt,2,0,0.2,0.025,10,0,24,1,0.7269617658749645,15,linear,0.05,40,"bpm, measure, beat",30,15,selu,16,0.7367649547679411,0.7375980610577767
0,1,1,../resources/encoder_training_docs/full_1_measure.txt,2,0,0.2,0.025,10,0,24,5,0.6635117570834553,15,linear,0.1,40,"bpm, measure, beat",40,20,selu,12,0.7352229880641823,0.6331936996682946
0,1,1,../resources/encoder_training_docs/full_1_measure.txt,2,0,0.2,0.025,10,0,24,1,0.637486370453974,25,linear,0.1,20,"bpm, measure, beat",40,10,selu,16,0.638157346415478,0.66148940904508
0,1,1,../resources/encoder_training_docs/full_1_measure.txt,2,0,0.2,0.025,10,0,16,5,0.6892738640287822,15,linear,0.0,20,"bpm, measure, beat",30,10,selu,16,0.7392035129131799,0.6710205748574897
0,1,1,../resources/encoder_training_docs/full_1_measure.txt,2,0,0.2,0.025,10,0,16,5,0.6752348018192335,25,linear,0.1,40,"bpm, measure, beat",40,20,selu,16,0.6897433400419831,0.6927178780616422
0,1,1,../resources/encoder_training_docs/full_1_measure.txt,2,0,0.2,0.025,10,0,24,5,0.6253035128146337,25,linear,0.1,40,"bpm, measure, beat",40,10,selu,12,0.6996237118731629,0.5945506717250916
0,1,1,../resources/encoder_training_docs/full_1_measure.txt,2,0,0.2,0.025,10,0,24,5,0.6191361267729509,25,linear,0.1,20,"bpm, measure, beat",40,10,selu,16,0.6244522795259665,0.6330660508840085
0,1,1,../resources/encoder_training_docs/full_1_measure.txt,2,0,0.2,0.025,10,0,24,10,0.7306301136808182,25,linear,0.1,20,"bpm, measure, beat",40,10,selu,16,0.7418169454168934,0.7460318345503049
0,1,1,../resources/encoder_training_docs/full_1_measure.txt,2,0,0.2,0.025,10,0,24,5,0.4435271214496341,25,linear,0.05,40,"bpm, measure, beat",30,20,selu,12,0.47283120273475615,0.4332702988098856
0,1,1,../resources/encoder_training_docs/full_1_measure.txt,2,0,0.2,0.025,10,0,16,10,0.6871492732850909,15,linear,0.1,40,"bpm, measure, beat",40,15,selu,16,0.7095349945703774,0.6864646284726789
0,1,1,../resources/encoder_training_docs/full_1_measure.txt,2,0,0.2,0.025,10,0,20,1,0.6640332672826345,25,linear,0.1,20,"bpm, measure, beat",40,15,selu,16,0.702946284745285,0.6546700211765458
0,1,1,../resources/encoder_training_docs/full_1_measure.txt,2,0,0.2,0.025,10,0,20,5,0.5375511045792906,15,linear,0.0,40,"bpm, measure, beat",40,10,selu,12,0.5829204539167208,0.5315847560115873
0,1,1,../resources/encoder_training_docs/full_1_measure.txt,2,0,0.2,0.025,10,0,20,1,0.7142707742026055,15,linear,0.1,40,"bpm, measure, beat",40,15,selu,16,0.7380943383767509,0.711976835829332
0,1,1,../resources/encoder_training_docs/full_1_measure.txt,2,0,0.2,0.025,10,0,24,1,0.7061876964434908,25,linear,0.0,20,"bpm, measure, beat",40,15,selu,16,0.6962795570404477,0.7461923741869206
0,1,1,../resources/encoder_training_docs/full_1_measure.txt,2,0,0.2,0.025,10,0,20,5,0.6583576430839296,25,linear,0.05,40,"bpm, measure, beat",30,15,selu,12,0.7256445756786875,0.6309549697422033
0,1,1,../resources/encoder_training_docs/full_1_measure.txt,2,0,0.2,0.025,10,0,16,5,0.43257771266282835,15,linear,0.05,20,"bpm, measure, beat",30,20,selu,12,0.47246712814466063,0.41307211011385164
0,1,1,../resources/encoder_training_docs/full_1_measure.txt,2,0,0.2,0.025,10,0,16,10,0.6899912659926944,15,linear,0.1,20,"bpm, measure, beat",30,10,selu,16,0.7082245050497988,0.6897902561993973
0,1,1,../resources/encoder_training_docs/full_1_measure.txt,2,0,0.2,0.025,10,0,16,5,0.7484412608414427,25,linear,0.1,20,"bpm, measure, beat",30,15,selu,16,0.8072422899080044,0.7256519940152999
0,1,1,../resources/encoder_training_docs/full_1_measure.txt,2,0,0.2,0.025,10,0,16,5,0.6321632908612527,15,linear,0.1,40,"bpm, measure, beat",30,20,selu,12,0.7029631546650733,0.5998395949529697
0,1,1,../resources/encoder_training_docs/full_1_measure.txt,2,0,0.2,0.025,10,0,16,5,0.7493630888865583,25,linear,0.05,20,"bpm, measure, beat",30,15,selu,16,0.7884819030147862,0.7364486753144807
0,1,1,../resources/encoder_training_docs/full_1_measure.txt,2,0,0.2,0.025,10,0,24,1,0.6589474857675383,15,linear,0.1,40,"bpm, measure, beat",40,20,selu,12,0.743142013929709,0.6172893268783924
0,1,1,../resources/encoder_training_docs/full_1_measure.txt,2,0,0.2,0.025,10,0,20,5,0.5564923526550831,25,linear,0.0,20,"bpm, measure, beat",30,20,selu,12,0.635467716134091,0.5174437761075183
0,1,1,../resources/encoder_training_docs/full_1_measure.txt,2,0,0.2,0.025,10,0,24,1,0.6598925821535958,25,linear,0.1,40,"bpm, measure, beat",40,10,selu,12,0.7288388594206676,0.6338744264891106
0,1,1,../resources/encoder_training_docs/full_1_measure.txt,2,0,0.2,0.025,10,0,20,1,0.7298366415096923,25,linear,0.0,20,"bpm, measure, beat",30,15,selu,16,0.7463124899078935,0.7461316134626529
0,1,1,../resources/encoder_training_docs/full_1_measure.txt,2,0,0.2,0.025,10,0,16,1,0.6711588434420378,25,linear,0.1,20,"bpm, measure, beat",40,10,selu,12,0.7276692697999859,0.6557365003279213
0,1,1,../resources/encoder_training_docs/full_1_measure.txt,2,0,0.2,0.025,10,0,20,1,0.5474435761355144,25,linear,0.1,40,"bpm, measure, beat",30,10,selu,12,0.5873585769741115,0.535625602849084
0,1,1,../resources/encoder_training_docs/full_1_measure.txt,2,0,0.2,0.025,10,0,24,5,0.6571910770333157,15,linear,0.0,20,"bpm, measure, beat",30,10,selu,16,0.6780844945845271,0.6538110661463256
0,1,1,../resources/encoder_training_docs/full_1_measure.txt,2,0,0.2,0.025,10,0,20,10,0.5789578953150984,25,linear,0.05,40,"bpm, measure, beat",30,10,selu,16,0.5891842026556043,0.581596566177492
0,1,1,../resources/encoder_training_docs/full_1_measure.txt,2,0,0.2,0.025,10,0,24,5,0.6320316052613624,25,linear,0.05,40,"bpm, measure, beat",40,15,selu,12,0.6962189867409595,0.6061787074772162
0,1,1,../resources/encoder_training_docs/full_1_measure.txt,2,0,0.2,0.025,10,0,20,10,0.574725853776585,15,linear,0.0,40,"bpm, measure, beat",40,15,selu,12,0.6489150711725471,0.5391252025912188
0,1,1,../resources/encoder_training_docs/full_1_measure.txt,2,0,0.2,0.025,10,0,24,5,0.50320590393877,25,linear,0.0,20,"bpm, measure, beat",30,15,selu,12,0.5459045599086979,0.4818565759538059
0,1,1,../resources/encoder_training_docs/full_1_measure.txt,2,0,0.2,0.025,10,0,16,10,0.5400164673585438,15,linear,0.0,20,"bpm, measure, beat",30,15,selu,16,0.5769064856385508,0.5324306342809232
0,1,1,../resources/encoder_training_docs/full_1_measure.txt,2,0,0.2,0.025,10,0,20,10,0.7098988930450334,15,linear,0.05,20,"bpm, measure, beat",40,10,selu,16,0.7479215115714499,0.7014915601781797
0,1,1,../resources/encoder_training_docs/full_1_measure.txt,2,0,0.2,0.025,10,0,20,1,0.6973235169158043,25,linear,0.1,40,"bpm, measure, beat",40,10,selu,16,0.7419257043388706,0.6810000475357874
0,1,1,../resources/encoder_training_docs/full_1_measure.txt,2,0,0.2,0.025,10,0,20,5,0.6538225616684359,25,linear,0.1,20,"bpm, measure, beat",30,15,selu,16,0.7015988948761785,0.6367837101330577
0,1,1,../resources/encoder_training_docs/full_1_measure.txt,2,0,0.2,0.025,10,0,20,1,0.7292395124862826,25,linear,0.1,40,"bpm, measure, beat",30,10,selu,16,0.7695509699242739,0.7168650222243679
0,1,1,../resources/encoder_training_docs/full_1_measure.txt,2,0,0.2,0.025,10,0,24,10,0.7044270892579666,25,linear,0.05,20,"bpm, measure, beat",30,10,selu,16,0.7488096724414325,0.6957928238717696
0,1,1,../resources/encoder_training_docs/full_1_measure.txt,2,0,0.2,0.025,10,0,24,10,0.6237117385465111,25,linear,0.0,40,"bpm, measure, beat",40,20,selu,16,0.6719661116077398,0.6073207794463394
0,1,1,../resources/encoder_training_docs/full_1_measure.txt,2,0,0.2,0.025,10,0,20,1,0.6773551938766508,15,linear,0.05,40,"bpm, measure, beat",30,10,selu,16,0.7237637967073791,0.6604153684495176
0,1,1,../resources/encoder_training_docs/full_1_measure.txt,2,0,0.2,0.025,10,0,16,10,0.486500874929827,15,linear,0.05,40,"bpm, measure, beat",40,10,selu,12,0.5411073615613097,0.46340770886993604
0,1,1,../resources/encoder_training_docs/full_1_measure.txt,2,0,0.2,0.025,10,0,24,10,0.7233376245016835,15,linear,0.0,20,"bpm, measure, beat",40,15,selu,16,0.7293569462270364,0.7436007674532638
0,1,1,../resources/encoder_training_docs/full_1_measure.txt,2,0,0.2,0.025,10,0,24,10,0.6100398111678419,15,linear,0.05,20,"bpm, measure, beat",30,10,selu,12,0.6778517151096604,0.5818472259922475
0,1,1,../resources/encoder_training_docs/full_1_measure.txt,2,0,0.2,0.025,10,0,20,10,0.6400600104326204,15,linear,0.0,40,"bpm, measure, beat",30,20,selu,12,0.7240195117078229,0.6011564957886465
0,1,1,../resources/encoder_training_docs/full_1_measure.txt,2,0,0.2,0.025,10,0,24,1,0.6157268360605376,25,linear,0.0,40,"bpm, measure, beat",30,10,selu,16,0.6528790040346231,0.6035717410287299
0,1,1,../resources/encoder_training_docs/full_1_measure.txt,2,0,0.2,0.025,10,0,16,5,0.6114206866046229,25,linear,0.1,40,"bpm, measure, beat",30,20,selu,12,0.682390339791891,0.5763749652029283
0,1,1,../resources/encoder_training_docs/full_1_measure.txt,2,0,0.2,0.025,10,0,16,5,0.5082189689258154,15,linear,0.05,20,"bpm, measure, beat",40,20,selu,12,0.563402603456144,0.4808904481324781
0,1,1,../resources/encoder_training_docs/full_1_measure.txt,2,0,0.2,0.025,10,0,16,1,0.5104116963236508,25,linear,0.1,20,"bpm, measure, beat",30,20,selu,12,0.5529337551935555,0.4919636064104987
0,1,1,../resources/encoder_training_docs/full_1_measure.txt,2,0,0.2,0.025,10,0,16,5,0.6151680575046157,15,linear,0.0,40,"bpm, measure, beat",30,15,selu,16,0.6200716532632393,0.6576139198842568
0,1,1,../resources/encoder_training_docs/full_1_measure.txt,2,0,0.2,0.025,10,0,20,1,0.6237634489747713,25,linear,0.1,20,"bpm, measure, beat",30,15,selu,16,0.6120684948153623,0.6566650722756676
0,1,1,../resources/encoder_training_docs/full_1_measure.txt,2,0,0.2,0.025,10,0,24,5,0.7038799190522882,25,linear,0.0,20,"bpm, measure, beat",30,10,selu,16,0.746059986094395,0.6914549520730136
0,1,1,../resources/encoder_training_docs/full_1_measure.txt,2,0,0.2,0.025,10,0,20,5,0.6592830905018591,25,linear,0.1,20,"bpm, measure, beat",30,10,selu,12,0.7246095860480878,0.6343894216543614
0,1,1,../resources/encoder_training_docs/full_1_measure.txt,2,0,0.2,0.025,10,0,20,1,0.6284391530477217,15,linear,0.05,40,"bpm, measure, beat",40,15,selu,12,0.6943691784495463,0.6071778351628678
0,1,1,../resources/encoder_training_docs/full_1_measure.txt,2,0,0.2,0.025,10,0,16,10,0.46680625400037457,15,linear,0.0,20,"bpm, measure, beat",40,20,selu,12,0.5293391660593526,0.4359789031628248
0,1,1,../resources/encoder_training_docs/full_1_measure.txt,2,0,0.2,0.025,10,0,20,10,0.5873879973694567,15,linear,0.0,40,"bpm, measure, beat",30,15,selu,12,0.6318293465820615,0.5758711343939501
0,1,1,../resources/encoder_training_docs/full_1_measure.txt,2,0,0.2,0.025,10,0,24,10,0.5206841371057083,25,linear,0.1,20,"bpm, measure, beat",40,15,selu,12,0.5931837479972534,0.4875105676535629
0,1,1,../resources/encoder_training_docs/full_1_measure.txt,2,0,0.2,0.025,10,0,24,10,0.6684274421695703,25,linear,0.0,20,"bpm, measure, beat",40,10,selu,16,0.6853684291715845,0.6723686490939623
0,1,1,../resources/encoder_training_docs/full_1_measure.txt,2,0,0.2,0.025,10,0,16,5,0.6665696324188756,15,linear,0.05,20,"bpm, measure, beat",30,15,selu,12,0.7482461199826643,0.6288076246306086
0,1,1,../resources/encoder_training_docs/full_1_measure.txt,2,0,0.2,0.025,10,0,16,5,0.5146771552439279,25,linear,0.1,20,"bpm, measure, beat",40,20,selu,16,0.5519534434128993,0.4971805636708577
0,1,1,../resources/encoder_training_docs/full_1_measure.txt,2,0,0.2,0.025,10,0,16,1,0.6780206634553191,15,linear,0.1,40,"bpm, measure, beat",40,15,selu,16,0.7081508430758577,0.6730654368030203
0,1,1,../resources/encoder_training_docs/full_1_measure.txt,2,0,0.2,0.025,10,0,24,5,0.7107746372714238,15,linear,0.05,40,"bpm, measure, beat",30,10,selu,16,0.7342258778537426,0.7182448178130837
0,1,1,../resources/encoder_training_docs/full_1_measure.txt,2,0,0.2,0.025,10,0,24,1,0.5751611889432643,25,linear,0.05,20,"bpm, measure, beat",30,15,selu,12,0.649360546922534,0.5411377459472565
0,1,1,../resources/encoder_training_docs/full_1_measure.txt,2,0,0.2,0.025,10,0,24,5,0.7515716958974767,25,linear,0.0,40,"bpm, measure, beat",40,20,selu,16,0.8033990492472607,0.738547805742508
0,1,1,../resources/encoder_training_docs/full_1_measure.txt,2,0,0.2,0.025,10,0,20,10,0.7669424759634461,25,linear,0.1,20,"bpm, measure, beat",40,10,selu,16,0.8082023093514361,0.7543024511634523
0,1,1,../resources/encoder_training_docs/full_1_measure.txt,2,0,0.2,0.025,10,0,16,5,0.6172577438560697,15,linear,0.0,20,"bpm, measure, beat",40,10,selu,12,0.6884554548013503,0.5869493143904547
0,1,1,../resources/encoder_training_docs/full_1_measure.txt,2,0,0.2,0.025,10,0,24,1,0.6695176352440705,25,linear,0.1,40,"bpm, measure, beat",30,15,selu,12,0.7507808772242738,0.6319622502475961
0,1,1,../resources/encoder_training_docs/full_1_measure.txt,2,0,0.2,0.025,10,0,16,5,0.5731910387553217,15,linear,0.0,40,"bpm, measure, beat",30,20,selu,12,0.6281729302292298,0.5507102249332329
0,1,1,../resources/encoder_training_docs/full_1_measure.txt,2,0,0.2,0.025,10,0,24,5,0.6682362451319598,15,linear,0.0,40,"bpm, measure, beat",40,15,selu,12,0.7417472540391431,0.6389013684571454
0,1,1,../resources/encoder_training_docs/full_1_measure.txt,2,0,0.2,0.025,10,0,20,10,0.5795391948565171,25,linear,0.05,20,"bpm, measure, beat",40,10,selu,12,0.6437058228888314,0.5512710133884694
0,1,1,../resources/encoder_training_docs/full_1_measure.txt,2,0,0.2,0.025,10,0,20,5,0.614696728150601,15,linear,0.1,40,"bpm, measure, beat",40,10,selu,16,0.6371883099695864,0.6098912447773058
0,1,1,../resources/encoder_training_docs/full_1_measure.txt,2,0,0.2,0.025,10,0,20,1,0.5909544920811237,25,linear,0.0,20,"bpm, measure, beat",40,10,selu,12,0.6272131542839608,0.5835263182735883
0,1,1,../resources/encoder_training_docs/full_1_measure.txt,2,0,0.2,0.025,10,0,16,5,0.5957597929733229,25,linear,0.1,40,"bpm, measure, beat",30,10,selu,16,0.6235423668715884,0.5895260534032202
0,1,1,../resources/encoder_training_docs/full_1_measure.txt,2,0,0.2,0.025,10,0,20,10,0.7108637067593117,15,linear,0.05,40,"bpm, measure, beat",30,15,selu,16,0.7429902932662135,0.7114690074990015
0,1,1,../resources/encoder_training_docs/full_1_measure.txt,2,0,0.2,0.025,10,0,20,1,0.6497872734289549,25,linear,0.05,40,"bpm, measure, beat",40,15,selu,12,0.7222301209669211,0.6205540267710802
0,1,1,../resources/encoder_training_docs/full_1_measure.txt,2,0,0.2,0.025,10,0,24,1,0.5657524628439389,25,linear,0.0,40,"bpm, measure, beat",30,20,selu,16,0.5866835520441961,0.5840159527882699
0,1,1,../resources/encoder_training_docs/full_1_measure.txt,2,0,0.2,0.025,10,0,24,10,0.5778765486354919,25,linear,0.1,40,"bpm, measure, beat",40,10,selu,16,0.6331205043306581,0.5591479478319704
0,1,1,../resources/encoder_training_docs/full_1_measure.txt,2,0,0.2,0.025,10,0,16,1,0.44707318703333726,15,linear,0.05,20,"bpm, measure, beat",30,20,selu,12,0.4831146957811557,0.42935988961545385
0,1,1,../resources/encoder_training_docs/full_1_measure.txt,2,0,0.2,0.025,10,0,20,10,0.5634864485088465,25,linear,0.05,20,"bpm, measure, beat",30,15,selu,16,0.5746414701098853,0.5657645502513385
0,1,1,../resources/encoder_training_docs/full_1_measure.txt,2,0,0.2,0.025,10,0,16,1,0.5997183040114297,25,linear,0.05,40,"bpm, measure, beat",30,15,selu,12,0.6703481467751465,0.5674796186231984
0,1,1,../resources/encoder_training_docs/full_1_measure.txt,2,0,0.2,0.025,10,0,24,1,0.7605740954374337,15,linear,0.05,20,"bpm, measure, beat",30,15,selu,16,0.8108003158447877,0.7472201737442274
0,1,1,../resources/encoder_training_docs/full_1_measure.txt,2,0,0.2,0.025,10,0,24,10,0.6555759571016339,15,linear,0.0,20,"bpm, measure, beat",30,20,selu,16,0.7328982976454249,0.6231357601739994
0,1,1,../resources/encoder_training_docs/full_1_measure.txt,2,0,0.2,0.025,10,0,16,1,0.6359221878003934,25,linear,0.1,20,"bpm, measure, beat",40,10,selu,16,0.6471845866411859,0.6397869360928504
0,1,1,../resources/encoder_training_docs/full_1_measure.txt,2,0,0.2,0.025,10,0,20,10,0.7711892529168383,15,linear,0.1,40,"bpm, measure, beat",30,20,selu,16,0.8124762575389077,0.7674767911604891
0,1,1,../resources/encoder_training_docs/full_1_measure.txt,2,0,0.2,0.025,10,0,20,10,0.7587729237635101,25,linear,0.05,40,"bpm, measure, beat",40,10,selu,16,0.7952893791918658,0.7478057887491115
0,1,1,../resources/encoder_training_docs/full_1_measure.txt,2,0,0.2,0.025,10,0,20,5,0.7465394631193503,25,linear,0.1,40,"bpm, measure, beat",30,10,selu,16,0.7725980231401254,0.740915235922702
0,1,1,../resources/encoder_training_docs/full_1_measure.txt,2,0,0.2,0.025,10,0,16,1,0.6114692224105069,25,linear,0.0,20,"bpm, measure, beat",40,10,selu,12,0.6692274516545261,0.5868095058620044
0,1,1,../resources/encoder_training_docs/full_1_measure.txt,2,0,0.2,0.025,10,0,20,10,0.5222933512776077,15,linear,0.0,40,"bpm, measure, beat",40,20,selu,12,0.5772673215884305,0.49841002827616093
0,1,1,../resources/encoder_training_docs/full_1_measure.txt,2,0,0.2,0.025,10,0,16,1,0.5705251444170018,15,linear,0.0,40,"bpm, measure, beat",40,10,selu,12,0.6242468206917399,0.5539687747153366
0,1,1,../resources/encoder_training_docs/full_1_measure.txt,2,0,0.2,0.025,10,0,16,1,0.6671214086829043,15,linear,0.05,40,"bpm, measure, beat",40,15,selu,12,0.7359330680251851,0.6415935027691041
0,1,1,../resources/encoder_training_docs/full_1_measure.txt,2,0,0.2,0.025,10,0,24,5,0.6405152008165794,25,linear,0.1,20,"bpm, measure, beat",40,10,selu,12,0.704757544706073,0.6162171003084979
0,1,1,../resources/encoder_training_docs/full_1_measure.txt,2,0,0.2,0.025,10,0,20,5,0.6284739732849959,15,linear,0.1,40,"bpm, measure, beat",30,10,selu,12,0.7033174324204476,0.5959222285860548
0,1,1,../resources/encoder_training_docs/full_1_measure.txt,2,0,0.2,0.025,10,0,20,1,0.5896474583244445,25,linear,0.1,20,"bpm, measure, beat",40,10,selu,12,0.6183960254532975,0.5908116660379057
0,1,1,../resources/encoder_training_docs/full_1_measure.txt,2,0,0.2,0.025,10,0,24,10,0.6017343533736443,15,linear,0.1,40,"bpm, measure, beat",40,20,selu,16,0.6324153747382989,0.6016340195688374
0,1,1,../resources/encoder_training_docs/full_1_measure.txt,2,0,0.2,0.025,10,0,16,1,0.7067558249373483,25,linear,0.1,40,"bpm, measure, beat",30,20,selu,16,0.7627316745378162,0.6906926685573702
0,1,1,../resources/encoder_training_docs/full_1_measure.txt,2,0,0.2,0.025,10,0,16,5,0.6776216680326269,15,linear,0.05,20,"bpm, measure, beat",30,15,selu,16,0.7155516102701717,0.6811964609698817
0,1,1,../resources/encoder_training_docs/full_1_measure.txt,2,0,0.2,0.025,10,0,16,5,0.5914048430828059,15,linear,0.05,20,"bpm, measure, beat",30,10,selu,12,0.6553849053060823,0.5686091914247102
0,1,1,../resources/encoder_training_docs/full_1_measure.txt,2,0,0.2,0.025,10,0,24,5,0.5090635666761513,25,linear,0.1,40,"bpm, measure, beat",30,20,selu,12,0.5577681008066943,0.4848871083309921
0,1,1,../resources/encoder_training_docs/full_1_measure.txt,2,0,0.2,0.025,10,0,24,10,0.6186036944364415,25,linear,0.0,40,"bpm, measure, beat",40,10,selu,12,0.6860056408246343,0.5916709403583349
0,1,1,../resources/encoder_training_docs/full_1_measure.txt,2,0,0.2,0.025,10,0,20,10,0.6282271389393378,25,linear,0.1,40,"bpm, measure, beat",40,10,selu,16,0.6526427030809294,0.6249098068548825
0,1,1,../resources/encoder_training_docs/full_1_measure.txt,2,0,0.2,0.025,10,0,20,1,0.6079922640592642,15,linear,0.1,20,"bpm, measure, beat",30,20,selu,16,0.6597903560800399,0.5977890772378859
0,1,1,../resources/encoder_training_docs/full_1_measure.txt,2,0,0.2,0.025,10,0,24,10,0.5763493932971958,15,linear,0.05,40,"bpm, measure, beat",30,20,selu,12,0.6440962839193544,0.5429150531780559
0,1,1,../resources/encoder_training_docs/full_1_measure.txt,2,0,0.2,0.025,10,0,16,5,0.721789008431221,15,linear,0.05,40,"bpm, measure, beat",40,20,selu,16,0.7468089244463977,0.7290226420168638
0,1,1,../resources/encoder_training_docs/full_1_measure.txt,2,0,0.2,0.025,10,0,20,5,0.7159794231079047,25,linear,0.0,20,"bpm, measure, beat",40,15,selu,16,0.7312783168558017,0.7387055524204132
0,1,1,../resources/encoder_training_docs/full_1_measure.txt,2,0,0.2,0.025,10,0,20,10,0.6771362573576427,15,linear,0.0,20,"bpm, measure, beat",40,10,selu,16,0.6787586889222933,0.6951037954089307
0,1,1,../resources/encoder_training_docs/full_1_measure.txt,2,0,0.2,0.025,10,0,20,1,0.7172054487480054,25,linear,0.1,40,"bpm, measure, beat",30,20,selu,16,0.7781099918930212,0.6909494727874265
0,1,1,../resources/encoder_training_docs/full_1_measure.txt,2,0,0.2,0.025,10,0,16,1,0.7217328810589864,25,linear,0.05,40,"bpm, measure, beat",30,20,selu,16,0.7779909674605513,0.6961159562470995
0,1,1,../resources/encoder_training_docs/full_1_measure.txt,2,0,0.2,0.025,10,0,16,1,0.6596322986623577,25,linear,0.05,40,"bpm, measure, beat",40,20,selu,16,0.663875474363691,0.6701417454290272
0,1,1,../resources/encoder_training_docs/full_1_measure.txt,2,0,0.2,0.025,10,0,20,10,0.6994691010908632,25,linear,0.0,20,"bpm, measure, beat",40,10,selu,16,0.7244980304092166,0.694486736498033
0,1,1,../resources/encoder_training_docs/full_1_measure.txt,2,0,0.2,0.025,10,0,16,5,0.750572177359167,15,linear,0.1,40,"bpm, measure, beat",30,15,selu,16,0.7815221920915617,0.7412575860735311
0,1,1,../resources/encoder_training_docs/full_1_measure.txt,2,0,0.2,0.025,10,0,24,1,0.6939600880651323,15,linear,0.1,40,"bpm, measure, beat",40,20,selu,16,0.7451480758271644,0.6833203950908294
0,1,1,../resources/encoder_training_docs/full_1_measure.txt,2,0,0.2,0.025,10,0,20,5,0.3871090782716431,25,linear,0.0,20,"bpm, measure, beat",40,15,selu,12,0.3966027491577188,0.3909768701141183
0,1,1,../resources/encoder_training_docs/full_1_measure.txt,2,0,0.2,0.025,10,0,20,1,0.5109526534745528,15,linear,0.0,40,"bpm, measure, beat",40,10,selu,12,0.5803835445100466,0.4849741290329967
0,1,1,../resources/encoder_training_docs/full_1_measure.txt,2,0,0.2,0.025,10,0,16,1,0.6973458661344138,15,linear,0.1,20,"bpm, measure, beat",40,20,selu,16,0.7702526591833868,0.6630574519005344
0,1,1,../resources/encoder_training_docs/full_1_measure.txt,2,0,0.2,0.025,10,0,16,1,0.6485323186939757,15,linear,0.05,20,"bpm, measure, beat",30,20,selu,16,0.73375463543288,0.6063963193613261
0,1,1,../resources/encoder_training_docs/full_1_measure.txt,2,0,0.2,0.025,10,0,24,1,0.6649639699078121,15,linear,0.0,40,"bpm, measure, beat",40,10,selu,16,0.7176520169508548,0.6457871269758565
0,1,1,../resources/encoder_training_docs/full_1_measure.txt,2,0,0.2,0.025,10,0,16,10,0.723023967839913,15,linear,0.05,40,"bpm, measure, beat",40,20,selu,16,0.7737400195655081,0.7111796865708442
0,1,1,../resources/encoder_training_docs/full_1_measure.txt,2,0,0.2,0.025,10,0,16,10,0.7178720447583656,25,linear,0.05,40,"bpm, measure, beat",30,10,selu,16,0.7556715835687465,0.7092077282462274
0,1,1,../resources/encoder_training_docs/full_1_measure.txt,2,0,0.2,0.025,10,0,20,5,0.5788568075805713,15,linear,0.0,40,"bpm, measure, beat",40,15,selu,12,0.6325283294419498,0.5676916517188341
0,1,1,../resources/encoder_training_docs/full_1_measure.txt,2,0,0.2,0.025,10,0,20,5,0.5039429307998526,25,linear,0.1,40,"bpm, measure, beat",30,15,selu,12,0.5401559252556659,0.4923413562161088
0,1,1,../resources/encoder_training_docs/full_1_measure.txt,2,0,0.2,0.025,10,0,16,5,0.7102662965903894,15,linear,0.05,40,"bpm, measure, beat",30,10,selu,16,0.7424890589079384,0.7059647609994945
0,1,1,../resources/encoder_training_docs/full_1_measure.txt,2,0,0.2,0.025,10,0,16,1,0.6012085187830173,25,linear,0.0,20,"bpm, measure, beat",40,10,selu,16,0.6186719092906199,0.6021051787558312
0,1,1,../resources/encoder_training_docs/full_1_measure.txt,2,0,0.2,0.025,10,0,16,10,0.7573831623062293,25,linear,0.1,20,"bpm, measure, beat",30,10,selu,16,0.7905437446695643,0.7480129948415347
0,1,1,../resources/encoder_training_docs/full_1_measure.txt,2,0,0.2,0.025,10,0,16,5,0.6884469262934498,25,linear,0.05,40,"bpm, measure, beat",30,15,selu,16,0.7200078961196925,0.6803056458643032
0,1,1,../resources/encoder_training_docs/full_1_measure.txt,2,0,0.2,0.025,10,0,20,1,0.7025668437328504,25,linear,0.0,40,"bpm, measure, beat",40,15,selu,16,0.7244126602043891,0.7026230691360862
0,1,1,../resources/encoder_training_docs/full_1_measure.txt,2,0,0.2,0.025,10,0,16,5,0.5960340350557204,25,linear,0.1,40,"bpm, measure, beat",40,10,selu,12,0.6567491761915664,0.5747128660582437
0,1,1,../resources/encoder_training_docs/full_1_measure.txt,2,0,0.2,0.025,10,0,20,5,0.7349965587419329,15,linear,0.1,40,"bpm, measure, beat",30,20,selu,16,0.7728794368507411,0.735461512381593
0,1,1,../resources/encoder_training_docs/full_1_measure.txt,2,0,0.2,0.025,10,0,20,1,0.7212555903103199,25,linear,0.05,20,"bpm, measure, beat",30,10,selu,16,0.7450489442893521,0.7178447403500966
0,1,1,../resources/encoder_training_docs/full_1_measure.txt,2,0,0.2,0.025,10,0,20,1,0.6284521607789805,25,linear,0.0,40,"bpm, measure, beat",40,10,selu,16,0.6573599825985725,0.6224024050518889
0,1,1,../resources/encoder_training_docs/full_1_measure.txt,2,0,0.2,0.025,10,0,20,1,0.6838951804445541,15,linear,0.05,40,"bpm, measure, beat",30,15,selu,16,0.6746446884861479,0.718336504543737
0,1,1,../resources/encoder_training_docs/full_1_measure.txt,2,0,0.2,0.025,10,0,16,1,0.5226898577995794,25,linear,0.1,40,"bpm, measure, beat",40,15,selu,12,0.570691089794514,0.5016338295598257
0,1,1,../resources/encoder_training_docs/full_1_measure.txt,2,0,0.2,0.025,10,0,24,5,0.6170569752521645,15,linear,0.1,40,"bpm, measure, beat",30,20,selu,12,0.6868352556202669,0.5899425799371646
0,1,1,../resources/encoder_training_docs/full_1_measure.txt,2,0,0.2,0.025,10,0,20,5,0.6344558345369878,25,linear,0.0,40,"bpm, measure, beat",30,10,selu,16,0.6592729743512059,0.6301462252608133
0,1,1,../resources/encoder_training_docs/full_1_measure.txt,2,0,0.2,0.025,10,0,24,10,0.6775388814773705,15,linear,0.1,40,"bpm, measure, beat",30,15,selu,12,0.7417796934438149,0.6548254021716481
0,1,1,../resources/encoder_training_docs/full_1_measure.txt,2,0,0.2,0.025,10,0,16,10,0.6531327656043624,25,linear,0.1,40,"bpm, measure, beat",40,20,selu,16,0.7206258521067325,0.6279361070927649
0,1,1,../resources/encoder_training_docs/full_1_measure.txt,2,0,0.2,0.025,10,0,20,10,0.528067632564326,25,linear,0.0,20,"bpm, measure, beat",40,20,selu,12,0.587091035954518,0.49899503606116963
0,1,1,../resources/encoder_training_docs/full_1_measure.txt,2,0,0.2,0.025,10,0,24,5,0.6761241243864125,15,linear,0.0,40,"bpm, measure, beat",30,20,selu,12,0.7259719737891404,0.6684643372648309
0,1,1,../resources/encoder_training_docs/full_1_measure.txt,2,0,0.2,0.025,10,0,16,5,0.5920070756611265,25,linear,0.05,40,"bpm, measure, beat",40,10,selu,12,0.6650691548923061,0.5587612427832599
0,1,1,../resources/encoder_training_docs/full_1_measure.txt,2,0,0.2,0.025,10,0,24,1,0.7317557500268661,25,linear,0.1,40,"bpm, measure, beat",40,15,selu,16,0.7564397211998329,0.7274832593569203
0,1,1,../resources/encoder_training_docs/full_1_measure.txt,2,0,0.2,0.025,10,0,20,10,0.750714202084065,25,linear,0.1,20,"bpm, measure, beat",30,10,selu,16,0.7879487345954918,0.7496536638716734
0,1,1,../resources/encoder_training_docs/full_1_measure.txt,2,0,0.2,0.025,10,0,20,5,0.6277074961373871,25,linear,0.1,20,"bpm, measure, beat",40,15,selu,12,0.696408466940189,0.6014965378688538
0,1,1,../resources/encoder_training_docs/full_1_measure.txt,2,0,0.2,0.025,10,0,24,10,0.5729831246644902,25,linear,0.0,20,"bpm, measure, beat",30,10,selu,12,0.6093322719572624,0.5703320443956978
0,1,1,../resources/encoder_training_docs/full_1_measure.txt,2,0,0.2,0.025,10,0,20,10,0.6967775267814224,15,linear,0.05,20,"bpm, measure, beat",40,20,selu,16,0.7102147655773573,0.7307713578569905
0,1,1,../resources/encoder_training_docs/full_1_measure.txt,2,0,0.2,0.025,10,0,16,10,0.6685003621167179,15,linear,0.1,20,"bpm, measure, beat",40,10,selu,12,0.7333232316085613,0.6435430504602301
0,1,1,../resources/encoder_training_docs/full_1_measure.txt,2,0,0.2,0.025,10,0,24,1,0.5991503880039756,25,linear,0.05,20,"bpm, measure, beat",40,10,selu,12,0.6487708985316046,0.5882813476367419
0,1,1,../resources/encoder_training_docs/full_1_measure.txt,2,0,0.2,0.025,10,0,20,5,0.7249268402037342,15,linear,0.1,20,"bpm, measure, beat",40,15,selu,16,0.7526928098699832,0.7320821803130445
0,1,1,../resources/encoder_training_docs/full_1_measure.txt,2,0,0.2,0.025,10,0,16,10,0.5390888100778003,25,linear,0.1,40,"bpm, measure, beat",40,20,selu,12,0.5976238662910062,0.5102603871631365
0,1,1,../resources/encoder_training_docs/full_1_measure.txt,2,0,0.2,0.025,10,0,24,5,0.6193800969508517,25,linear,0.05,40,"bpm, measure, beat",40,10,selu,12,0.67607212120348,0.5962777617710501
0,1,1,../resources/encoder_training_docs/full_1_measure.txt,2,0,0.2,0.025,10,0,20,10,0.6017226721293403,25,linear,0.1,20,"bpm, measure, beat",40,20,selu,12,0.6752172184683382,0.5654145041517805
0,1,1,../resources/encoder_training_docs/full_1_measure.txt,2,0,0.2,0.025,10,0,20,1,0.6539687298785646,15,linear,0.1,40,"bpm, measure, beat",40,20,selu,12,0.6861098190647928,0.6656724635531593
0,1,1,../resources/encoder_training_docs/full_1_measure.txt,2,0,0.2,0.025,10,0,20,1,0.6596071213418486,25,linear,0.05,20,"bpm, measure, beat",40,15,selu,16,0.7221567171674294,0.6341015541982885
0,1,1,../resources/encoder_training_docs/full_1_measure.txt,2,0,0.2,0.025,10,0,24,10,0.6141342080569112,15,linear,0.1,20,"bpm, measure, beat",40,20,selu,12,0.6814611873620203,0.581964675916971
0,1,1,../resources/encoder_training_docs/full_1_measure.txt,2,0,0.2,0.025,10,0,16,10,0.6522917060669805,25,linear,0.05,20,"bpm, measure, beat",30,10,selu,12,0.7344631617044466,0.6153370665625497
0,1,1,../resources/encoder_training_docs/full_1_measure.txt,2,0,0.2,0.025,10,0,16,5,0.5500244689211375,25,linear,0.0,20,"bpm, measure, beat",30,15,selu,12,0.6125573809801157,0.5191971180835879
0,1,1,../resources/encoder_training_docs/full_1_measure.txt,2,0,0.2,0.025,10,0,16,1,0.5835703554566639,25,linear,0.1,40,"bpm, measure, beat",40,20,selu,12,0.6438716741091225,0.556364283888148
0,1,1,../resources/encoder_training_docs/full_1_measure.txt,2,0,0.2,0.025,10,0,16,5,0.7292022792022793,15,linear,0.0,20,"bpm, measure, beat",30,15,selu,16,0.7882853878504076,0.7092131199512878
0,1,1,../resources/encoder_training_docs/full_1_measure.txt,2,0,0.2,0.025,10,0,20,5,0.5679895765301207,25,linear,0.0,20,"bpm, measure, beat",30,20,selu,16,0.6014802033791841,0.5677587227707335
0,1,1,../resources/encoder_training_docs/full_1_measure.txt,2,0,0.2,0.025,10,0,20,1,0.6303333900966872,15,linear,0.1,20,"bpm, measure, beat",30,15,selu,12,0.68778503296534,0.6099580662593634
0,1,1,../resources/encoder_training_docs/full_1_measure.txt,2,0,0.2,0.025,10,0,20,1,0.5953991553290165,25,linear,0.1,40,"bpm, measure, beat",30,20,selu,12,0.6591650935685148,0.566416613482782
0,1,1,../resources/encoder_training_docs/full_1_measure.txt,2,0,0.2,0.025,10,0,20,1,0.5170740969209006,15,linear,0.1,20,"bpm, measure, beat",40,15,selu,12,0.553433685203354,0.5072448003766767
0,1,1,../resources/encoder_training_docs/full_1_measure.txt,2,0,0.2,0.025,10,0,24,10,0.6171394913531242,15,linear,0.05,40,"bpm, measure, beat",40,10,selu,12,0.6836707659133999,0.5916434329986029
0,1,1,../resources/encoder_training_docs/full_1_measure.txt,2,0,0.2,0.025,10,0,16,10,0.6717053029037711,15,linear,0.1,20,"bpm, measure, beat",30,20,selu,16,0.7366146344007799,0.6394408959071688
0,1,1,../resources/encoder_training_docs/full_1_measure.txt,2,0,0.2,0.025,10,0,24,10,0.7309848379334843,15,linear,0.1,40,"bpm, measure, beat",30,10,selu,16,0.7621752283798638,0.7239928378180668
0,1,1,../resources/encoder_training_docs/full_1_measure.txt,2,0,0.2,0.025,10,0,24,1,0.668111823038136,15,linear,0.05,20,"bpm, measure, beat",40,10,selu,16,0.7031761212018305,0.6585420515077076
0,1,1,../resources/encoder_training_docs/full_1_measure.txt,2,0,0.2,0.025,10,0,16,5,0.6616276576286796,15,linear,0.1,40,"bpm, measure, beat",40,15,selu,12,0.7313834807521565,0.6375264040014965
0,1,1,../resources/encoder_training_docs/full_1_measure.txt,2,0,0.2,0.025,10,0,16,1,0.4664333271368915,25,linear,0.0,40,"bpm, measure, beat",30,10,selu,12,0.483761869750791,0.4716355255854614
0,1,1,../resources/encoder_training_docs/full_1_measure.txt,2,0,0.2,0.025,10,0,24,10,0.6785664805133561,15,linear,0.05,40,"bpm, measure, beat",30,15,selu,12,0.7355831618550982,0.658408637439488
0,1,1,../resources/encoder_training_docs/full_1_measure.txt,2,0,0.2,0.025,10,0,20,5,0.5901699442197678,25,linear,0.1,40,"bpm, measure, beat",30,10,selu,12,0.6405074365821969,0.5747334237182878
0,1,1,../resources/encoder_training_docs/full_1_measure.txt,2,0,0.2,0.025,10,0,16,1,0.6281437908109907,15,linear,0.05,20,"bpm, measure, beat",30,10,selu,12,0.7065520692573891,0.5918579096983224
0,1,1,../resources/encoder_training_docs/full_1_measure.txt,2,0,0.2,0.025,10,0,16,10,0.581171193581479,15,linear,0.05,20,"bpm, measure, beat",30,10,selu,12,0.6219395203953958,0.5724868921938372
0,1,1,../resources/encoder_training_docs/full_1_measure.txt,2,0,0.2,0.025,10,0,20,1,0.5130496155052496,25,linear,0.05,40,"bpm, measure, beat",40,20,selu,12,0.5637471740503415,0.48787664495281574
0,1,1,../resources/encoder_training_docs/full_1_measure.txt,2,0,0.2,0.025,10,0,24,5,0.6876098258052544,25,linear,0.0,40,"bpm, measure, beat",40,15,selu,12,0.7612542540008524,0.6561060001674504
0,1,1,../resources/encoder_training_docs/full_1_measure.txt,2,0,0.2,0.025,10,0,24,1,0.6614106920008367,15,linear,0.05,40,"bpm, measure, beat",40,15,selu,16,0.6567445791168443,0.6887727868900368
0,1,1,../resources/encoder_training_docs/full_1_measure.txt,2,0,0.2,0.025,10,0,20,5,0.7506744995286189,25,linear,0.0,40,"bpm, measure, beat",40,15,selu,16,0.7475344463366277,0.773707419633538
0,1,1,../resources/encoder_training_docs/full_1_measure.txt,2,0,0.2,0.025,10,0,16,5,0.7426645750920245,15,linear,0.0,20,"bpm, measure, beat",40,10,selu,16,0.7686205262489102,0.739099757271542
0,1,1,../resources/encoder_training_docs/full_1_measure.txt,2,0,0.2,0.025,10,0,24,10,0.6457178356763986,15,linear,0.0,40,"bpm, measure, beat",40,10,selu,12,0.7193354589550287,0.6156772431530736
0,1,1,../resources/encoder_training_docs/full_1_measure.txt,2,0,0.2,0.025,10,0,20,5,0.7690625535818031,15,linear,0.05,40,"bpm, measure, beat",40,20,selu,16,0.8272918307067498,0.7483003459014625
0,1,1,../resources/encoder_training_docs/full_1_measure.txt,2,0,0.2,0.025,10,0,16,1,0.5993423775678882,25,linear,0.05,20,"bpm, measure, beat",30,20,selu,12,0.6892793753269162,0.5548129838803136
0,1,1,../resources/encoder_training_docs/full_1_measure.txt,2,0,0.2,0.025,10,0,24,5,0.4680976202942951,15,linear,0.1,20,"bpm, measure, beat",30,20,selu,12,0.5286390846985457,0.4380901845639966
0,1,1,../resources/encoder_training_docs/full_1_measure.txt,2,0,0.2,0.025,10,0,20,1,0.5202270262133407,25,linear,0.05,40,"bpm, measure, beat",30,15,selu,12,0.5554833758251424,0.5138506094946409
0,1,1,../resources/encoder_training_docs/full_1_measure.txt,2,0,0.2,0.025,10,0,20,1,0.6092270939930488,15,linear,0.0,20,"bpm, measure, beat",30,15,selu,16,0.6374826804191214,0.6035283946794691
0,1,1,../resources/encoder_training_docs/full_1_measure.txt,2,0,0.2,0.025,10,0,16,5,0.6693803589895261,15,linear,0.1,20,"bpm, measure, beat",40,15,selu,16,0.694984077360887,0.6634278148723388
0,1,1,../resources/encoder_training_docs/full_1_measure.txt,2,0,0.2,0.025,10,0,16,10,0.7498928225215313,15,linear,0.05,20,"bpm, measure, beat",40,15,selu,16,0.8021596691953116,0.7309656072104946
0,1,1,../resources/encoder_training_docs/full_1_measure.txt,2,0,0.2,0.025,10,0,16,10,0.4586901107387569,25,linear,0.05,20,"bpm, measure, beat",30,20,selu,12,0.49967757877125907,0.4383721854426181
0,1,1,../resources/encoder_training_docs/full_1_measure.txt,2,0,0.2,0.025,10,0,16,5,0.6311313576039567,25,linear,0.0,40,"bpm, measure, beat",30,20,selu,12,0.705577228156668,0.5969846583212282
0,1,1,../resources/encoder_training_docs/full_1_measure.txt,2,0,0.2,0.025,10,0,16,1,0.6060574465365742,25,linear,0.1,20,"bpm, measure, beat",40,20,selu,16,0.6514145596012765,0.5937137990471757
0,1,1,../resources/encoder_training_docs/full_1_measure.txt,2,0,0.2,0.025,10,0,20,5,0.6776866810827725,25,linear,0.0,40,"bpm, measure, beat",30,20,selu,16,0.704054321752173,0.6890984070332249
0,1,1,../resources/encoder_training_docs/full_1_measure.txt,2,0,0.2,0.025,10,0,16,1,0.680016454411053,15,linear,0.0,20,"bpm, measure, beat",30,10,selu,16,0.7220158299720723,0.667722682505517
0,1,1,../resources/encoder_training_docs/full_1_measure.txt,2,0,0.2,0.025,10,0,24,10,0.5619613543297245,25,linear,0.05,20,"bpm, measure, beat",30,20,selu,16,0.629542807456201,0.5416789621587389
0,1,1,../resources/encoder_training_docs/full_1_measure.txt,2,0,0.2,0.025,10,0,20,10,0.6751151326108816,25,linear,0.05,20,"bpm, measure, beat",40,15,selu,12,0.7510457728743088,0.6412809007934704
0,1,1,../resources/encoder_training_docs/full_1_measure.txt,2,0,0.2,0.025,10,0,24,1,0.6369855978010616,25,linear,0.0,40,"bpm, measure, beat",30,15,selu,12,0.669312462174578,0.6475575781124574
0,1,1,../resources/encoder_training_docs/full_1_measure.txt,2,0,0.2,0.025,10,0,24,10,0.6449511717089057,25,linear,0.1,40,"bpm, measure, beat",40,15,selu,12,0.6927794010183866,0.633344433423566
0,1,1,../resources/encoder_training_docs/full_1_measure.txt,2,0,0.2,0.025,10,0,24,5,0.5776056837842406,25,linear,0.0,40,"bpm, measure, beat",30,10,selu,12,0.6280320082542704,0.563147893226189
0,1,1,../resources/encoder_training_docs/full_1_measure.txt,2,0,0.2,0.025,10,0,24,1,0.6496160582361522,25,linear,0.05,40,"bpm, measure, beat",30,10,selu,12,0.7090816926885841,0.6318697295682042
0,1,1,../resources/encoder_training_docs/full_1_measure.txt,2,0,0.2,0.025,10,0,24,10,0.6584267081532353,15,linear,0.05,40,"bpm, measure, beat",30,10,selu,12,0.6944039717847573,0.664007943222777
0,1,1,../resources/encoder_training_docs/full_1_measure.txt,2,0,0.2,0.025,10,0,16,1,0.6846354717224029,25,linear,0.0,40,"bpm, measure, beat",30,20,selu,16,0.727690298981606,0.6709283239861699
0,1,1,../resources/encoder_training_docs/full_1_measure.txt,2,0,0.2,0.025,10,0,20,5,0.6120324637983535,15,linear,0.0,20,"bpm, measure, beat",30,20,selu,16,0.6271508880221469,0.6331471391686935
0,1,1,../resources/encoder_training_docs/full_1_measure.txt,2,0,0.2,0.025,10,0,20,1,0.7722476178004322,25,linear,0.0,40,"bpm, measure, beat",30,15,selu,16,0.7893796912689336,0.7758734146028828
0,1,1,../resources/encoder_training_docs/full_1_measure.txt,2,0,0.2,0.025,10,0,24,5,0.6549862989286136,15,linear,0.1,40,"bpm, measure, beat",40,15,selu,12,0.7269091744196171,0.6263205064594395
0,1,1,../resources/encoder_training_docs/full_1_measure.txt,2,0,0.2,0.025,10,0,16,5,0.6686776706268597,15,linear,0.05,20,"bpm, measure, beat",40,15,selu,12,0.7508807511343032,0.6306523663667655
0,1,1,../resources/encoder_training_docs/full_1_measure.txt,2,0,0.2,0.025,10,0,24,1,0.6962339818731432,15,linear,0.05,40,"bpm, measure, beat",40,20,selu,16,0.7580463568258153,0.6736879799010552
0,1,1,../resources/encoder_training_docs/full_1_measure.txt,2,0,0.2,0.025,10,0,24,5,0.6503510897070593,15,linear,0.1,40,"bpm, measure, beat",30,10,selu,16,0.6825612837104105,0.6420744802553542
0,1,1,../resources/encoder_training_docs/full_1_measure.txt,2,0,0.2,0.025,10,0,16,1,0.5970172033309086,25,linear,0.05,20,"bpm, measure, beat",30,15,selu,16,0.638288744949785,0.5816049820464545
0,1,1,../resources/encoder_training_docs/full_1_measure.txt,2,0,0.2,0.025,10,0,20,1,0.6708148669747059,15,linear,0.05,20,"bpm, measure, beat",30,20,selu,16,0.7218545504788444,0.6586609094724397
0,1,1,../resources/encoder_training_docs/full_1_measure.txt,2,0,0.2,0.025,10,0,20,10,0.666190352184775,25,linear,0.1,20,"bpm, measure, beat",40,10,selu,12,0.7313734821519606,0.6454302974564129
0,1,1,../resources/encoder_training_docs/full_1_measure.txt,2,0,0.2,0.025,10,0,16,10,0.7345850874871195,15,linear,0.05,20,"bpm, measure, beat",30,10,selu,16,0.7714894589854014,0.7202508557828949
0,1,1,../resources/encoder_training_docs/full_1_measure.txt,2,0,0.2,0.025,10,0,24,5,0.6902362593003796,15,linear,0.05,40,"bpm, measure, beat",40,15,selu,12,0.7470015184421266,0.6760956904000555
0,1,1,../resources/encoder_training_docs/full_1_measure.txt,2,0,0.2,0.025,10,0,20,10,0.6787327883919457,15,linear,0.0,40,"bpm, measure, beat",40,20,selu,16,0.7195450603195847,0.6816306920637246
0,1,1,../resources/encoder_training_docs/full_1_measure.txt,2,0,0.2,0.025,10,0,20,1,0.6383995754702761,15,linear,0.0,20,"bpm, measure, beat",40,15,selu,16,0.6769553716641946,0.6376714178408655
0,1,1,../resources/encoder_training_docs/full_1_measure.txt,2,0,0.2,0.025,10,0,24,5,0.5908119426914468,25,linear,0.05,20,"bpm, measure, beat",30,10,selu,16,0.6190597236302618,0.5832520508362876
0,1,1,../resources/encoder_training_docs/full_1_measure.txt,2,0,0.2,0.025,10,0,24,5,0.4516900369374299,25,linear,0.1,20,"bpm, measure, beat",40,20,selu,12,0.489814699484673,0.4328910021356352
0,1,1,../resources/encoder_training_docs/full_1_measure.txt,2,0,0.2,0.025,10,0,20,5,0.6254730212209756,25,linear,0.0,20,"bpm, measure, beat",40,10,selu,12,0.6962041906061401,0.5943005049547173
0,1,1,../resources/encoder_training_docs/full_1_measure.txt,2,0,0.2,0.025,10,0,20,5,0.658895286798942,15,linear,0.1,40,"bpm, measure, beat",40,20,selu,16,0.7139673645549124,0.6398253531474333
0,1,1,../resources/encoder_training_docs/full_1_measure.txt,2,0,0.2,0.025,10,0,20,10,0.6592110520520571,15,linear,0.1,40,"bpm, measure, beat",40,10,selu,16,0.6765323216534019,0.6596334417408234
0,1,1,../resources/encoder_training_docs/full_1_measure.txt,2,0,0.2,0.025,10,0,20,5,0.6684139064928524,15,linear,0.0,40,"bpm, measure, beat",40,15,selu,16,0.685805157281493,0.6704366985156441
0,1,1,../resources/encoder_training_docs/full_1_measure.txt,2,0,0.2,0.025,10,0,20,1,0.7548452636136854,25,linear,0.05,40,"bpm, measure, beat",30,10,selu,16,0.7854870929239558,0.7492786582996281
0,1,1,../resources/encoder_training_docs/full_1_measure.txt,2,0,0.2,0.025,10,0,24,10,0.6371620394669413,25,linear,0.05,20,"bpm, measure, beat",40,10,selu,12,0.6709623881356163,0.6398783617229312
0,1,1,../resources/encoder_training_docs/full_1_measure.txt,2,0,0.2,0.025,10,0,24,10,0.581895826064172,15,linear,0.0,20,"bpm, measure, beat",40,10,selu,12,0.6385023361303409,0.5612576645846562
0,1,1,../resources/encoder_training_docs/full_1_measure.txt,2,0,0.2,0.025,10,0,16,5,0.6407405187837573,25,linear,0.0,20,"bpm, measure, beat",40,20,selu,16,0.7151971172226966,0.607935563298155
0,1,1,../resources/encoder_training_docs/full_1_measure.txt,2,0,0.2,0.025,10,0,20,5,0.7702768321485455,15,linear,0.1,20,"bpm, measure, beat",40,10,selu,16,0.7947411731869304,0.7662769009552104
0,1,1,../resources/encoder_training_docs/full_1_measure.txt,2,0,0.2,0.025,10,0,20,10,0.553740321057078,25,linear,0.05,20,"bpm, measure, beat",40,20,selu,16,0.5858606742720228,0.5565740699123806
0,1,1,../resources/encoder_training_docs/full_1_measure.txt,2,0,0.2,0.025,10,0,16,1,0.5178130097496454,25,linear,0.1,20,"bpm, measure, beat",30,20,selu,16,0.5546990235557397,0.4993700028465984
0,1,1,../resources/encoder_training_docs/full_1_measure.txt,2,0,0.2,0.025,10,0,24,10,0.6090669892164279,25,linear,0.0,40,"bpm, measure, beat",30,20,selu,12,0.6576842246569785,0.5939527509496951
0,1,1,../resources/encoder_training_docs/full_1_measure.txt,2,0,0.2,0.025,10,0,16,10,0.6640220029657155,15,linear,0.05,20,"bpm, measure, beat",40,20,selu,16,0.7258707788637023,0.6431335202581064
0,1,1,../resources/encoder_training_docs/full_1_measure.txt,2,0,0.2,0.025,10,0,24,10,0.6286687800927603,25,linear,0.05,20,"bpm, measure, beat",30,10,selu,12,0.6901649015774564,0.6015243815043771
0,1,1,../resources/encoder_training_docs/full_1_measure.txt,2,0,0.2,0.025,10,0,16,1,0.7018103273994983,25,linear,0.1,20,"bpm, measure, beat",30,15,selu,16,0.727297074440488,0.7004969061970945
0,1,1,../resources/encoder_training_docs/full_1_measure.txt,2,0,0.2,0.025,10,0,16,10,0.46680625400037457,25,linear,0.1,20,"bpm, measure, beat",40,20,selu,12,0.5293391660593526,0.4359789031628248
0,1,1,../resources/encoder_training_docs/full_1_measure.txt,2,0,0.2,0.025,10,0,24,1,0.5800270697528357,25,linear,0.0,20,"bpm, measure, beat",30,15,selu,12,0.6361772580538276,0.5675106307239557
0,1,1,../resources/encoder_training_docs/full_1_measure.txt,2,0,0.2,0.025,10,0,24,10,0.6447182413312388,15,linear,0.05,40,"bpm, measure, beat",40,15,selu,16,0.6552321642304113,0.6634999693884326
0,1,1,../resources/encoder_training_docs/full_1_measure.txt,2,0,0.2,0.025,10,0,16,10,0.6220157892394321,15,linear,0.05,40,"bpm, measure, beat",30,10,selu,12,0.6936397065845759,0.5919961863037232
0,1,1,../resources/encoder_training_docs/full_1_measure.txt,2,0,0.2,0.025,10,0,16,10,0.6667086129615996,15,linear,0.05,40,"bpm, measure, beat",30,15,selu,12,0.7456064895309277,0.6317072186874406
0,1,1,../resources/encoder_training_docs/full_1_measure.txt,2,0,0.2,0.025,10,0,16,10,0.5526151804149598,15,linear,0.0,40,"bpm, measure, beat",40,10,selu,16,0.5779141980888394,0.5485850242293792
0,1,1,../resources/encoder_training_docs/full_1_measure.txt,2,0,0.2,0.025,10,0,20,10,0.5737114741155972,25,linear,0.05,20,"bpm, measure, beat",30,15,selu,12,0.6517202838239418,0.5356736006137018
0,1,1,../resources/encoder_training_docs/full_1_measure.txt,2,0,0.2,0.025,10,0,20,1,0.6509284888456425,15,linear,0.1,20,"bpm, measure, beat",40,20,selu,12,0.7324333337727338,0.6106151715740364
0,1,1,../resources/encoder_training_docs/full_1_measure.txt,2,0,0.2,0.025,10,0,24,5,0.6589773918945819,15,linear,0.1,20,"bpm, measure, beat",40,10,selu,12,0.7210299750859992,0.635246745575201
0,1,1,../resources/encoder_training_docs/full_1_measure.txt,2,0,0.2,0.025,10,0,24,5,0.6787880334851706,25,linear,0.0,40,"bpm, measure, beat",30,10,selu,16,0.6929798057987372,0.6839531759547341
0,1,1,../resources/encoder_training_docs/full_1_measure.txt,2,0,0.2,0.025,10,0,16,5,0.581743720303672,15,linear,0.1,20,"bpm, measure, beat",40,20,selu,12,0.6432814652585409,0.5532603611876997
0,1,1,../resources/encoder_training_docs/full_1_measure.txt,2,0,0.2,0.025,10,0,16,10,0.5902011536023225,15,linear,0.1,40,"bpm, measure, beat",30,20,selu,12,0.6519355900039465,0.5624101713951378
0,1,1,../resources/encoder_training_docs/full_1_measure.txt,2,0,0.2,0.025,10,0,20,1,0.5658019760641584,15,linear,0.0,20,"bpm, measure, beat",30,15,selu,12,0.6244403810372378,0.5400864357315835
0,1,1,../resources/encoder_training_docs/full_1_measure.txt,2,0,0.2,0.025,10,0,24,5,0.6069465322273216,25,linear,0.0,20,"bpm, measure, beat",40,15,selu,16,0.633235422558931,0.6035918466321634
0,1,1,../resources/encoder_training_docs/full_1_measure.txt,2,0,0.2,0.025,10,0,20,5,0.6325698707113742,25,linear,0.1,40,"bpm, measure, beat",40,15,selu,12,0.6921496012979708,0.6111305030150787
0,1,1,../resources/encoder_training_docs/full_1_measure.txt,2,0,0.2,0.025,10,0,24,10,0.5823403408126752,15,linear,0.05,20,"bpm, measure, beat",40,15,selu,12,0.6063231416659963,0.6101557964246739
0,1,1,../resources/encoder_training_docs/full_1_measure.txt,2,0,0.2,0.025,10,0,20,5,0.5652338044871029,25,linear,0.05,20,"bpm, measure, beat",30,15,selu,12,0.62372557079677,0.5390641573258966
0,1,1,../resources/encoder_training_docs/full_1_measure.txt,2,0,0.2,0.025,10,0,16,1,0.5447002217895774,25,linear,0.05,20,"bpm, measure, beat",30,10,selu,12,0.601148955738125,0.5182322755830626
0,1,1,../resources/encoder_training_docs/full_1_measure.txt,2,0,0.2,0.025,10,0,24,5,0.6649451313088267,15,linear,0.1,20,"bpm, measure, beat",30,15,selu,16,0.7196839499020893,0.6473366271749703
0,1,1,../resources/encoder_training_docs/full_1_measure.txt,2,0,0.2,0.025,10,0,16,1,0.6728905624445454,15,linear,0.0,40,"bpm, measure, beat",40,20,selu,16,0.7069243365289589,0.6692248966189108
0,1,1,../resources/encoder_training_docs/full_1_measure.txt,2,0,0.2,0.025,10,0,24,1,0.7729408634459598,15,linear,0.05,40,"bpm, measure, beat",30,20,selu,16,0.7889957611765053,0.7940327234880243
0,1,1,../resources/encoder_training_docs/full_1_measure.txt,2,0,0.2,0.025,10,0,20,5,0.6236389348062399,15,linear,0.0,20,"bpm, measure, beat",40,20,selu,16,0.6659117909653519,0.6058925602423623
0,1,1,../resources/encoder_training_docs/full_1_measure.txt,2,0,0.2,0.025,10,0,16,10,0.7068872549155613,25,linear,0.0,40,"bpm, measure, beat",40,10,selu,16,0.7434963274442596,0.6988416527434901
0,1,1,../resources/encoder_training_docs/full_1_measure.txt,2,0,0.2,0.025,10,0,20,1,0.6456044957891249,25,linear,0.05,20,"bpm, measure, beat",30,15,selu,12,0.724844754918168,0.6064234714165427
0,1,1,../resources/encoder_training_docs/full_1_measure.txt,2,0,0.2,0.025,10,0,16,1,0.6844524496929871,25,linear,0.05,20,"bpm, measure, beat",30,20,selu,16,0.7449699830924268,0.6618959695016308
0,1,1,../resources/encoder_training_docs/full_1_measure.txt,2,0,0.2,0.025,10,0,24,10,0.707179133897955,25,linear,0.0,40,"bpm, measure, beat",30,15,selu,16,0.7396814695327971,0.6984905075471848
0,1,1,../resources/encoder_training_docs/full_1_measure.txt,2,0,0.2,0.025,10,0,24,10,0.6055914478494498,25,linear,0.05,20,"bpm, measure, beat",40,15,selu,16,0.5989450384568219,0.6551075816251432
0,1,1,../resources/encoder_training_docs/full_1_measure.txt,2,0,0.2,0.025,10,0,20,10,0.6430850129412379,15,linear,0.1,20,"bpm, measure, beat",40,20,selu,12,0.7244949832583977,0.6028191329745973
0,1,1,../resources/encoder_training_docs/full_1_measure.txt,2,0,0.2,0.025,10,0,16,5,0.61922359419756,15,linear,0.1,20,"bpm, measure, beat",30,10,selu,12,0.6813804811720979,0.5922227465135449
0,1,1,../resources/encoder_training_docs/full_1_measure.txt,2,0,0.2,0.025,10,0,16,10,0.6530521619257582,25,linear,0.05,40,"bpm, measure, beat",30,15,selu,16,0.672043380382665,0.6538461630943615
0,1,1,../resources/encoder_training_docs/full_1_measure.txt,2,0,0.2,0.025,10,0,24,10,0.6155571628043826,15,linear,0.05,20,"bpm, measure, beat",30,15,selu,12,0.6769816127087499,0.5931954354492016
0,1,1,../resources/encoder_training_docs/full_1_measure.txt,2,0,0.2,0.025,10,0,16,1,0.6472388366272677,15,linear,0.05,40,"bpm, measure, beat",40,10,selu,16,0.6940389012907353,0.633873733851011
0,1,1,../resources/encoder_training_docs/full_1_measure.txt,2,0,0.2,0.025,10,0,16,1,0.6005919873758783,15,linear,0.05,40,"bpm, measure, beat",40,10,selu,12,0.6652736329918296,0.5754933173331818
0,1,1,../resources/encoder_training_docs/full_1_measure.txt,2,0,0.2,0.025,10,0,24,1,0.6479135581128702,25,linear,0.0,20,"bpm, measure, beat",30,20,selu,16,0.6915048184086684,0.6405577557041559
0,1,1,../resources/encoder_training_docs/full_1_measure.txt,2,0,0.2,0.025,10,0,20,1,0.5938251696629936,15,linear,0.1,40,"bpm, measure, beat",40,10,selu,16,0.6242543771304402,0.5869053795529157
0,1,1,../resources/encoder_training_docs/full_1_measure.txt,2,0,0.2,0.025,10,0,24,10,0.5812279330221125,15,linear,0.05,40,"bpm, measure, beat",40,15,selu,12,0.6330363749075129,0.5622464648671159
0,1,1,../resources/encoder_training_docs/full_1_measure.txt,2,0,0.2,0.025,10,0,20,10,0.5085389163653139,25,linear,0.1,20,"bpm, measure, beat",30,20,selu,16,0.5771745541855261,0.4745538063495604
0,1,1,../resources/encoder_training_docs/full_1_measure.txt,2,0,0.2,0.025,10,0,24,5,0.6481875422343714,15,linear,0.05,40,"bpm, measure, beat",40,20,selu,12,0.7221252477567939,0.6142949254667874
0,1,1,../resources/encoder_training_docs/full_1_measure.txt,2,0,0.2,0.025,10,0,16,10,0.6662230142787485,25,linear,0.05,20,"bpm, measure, beat",40,15,selu,12,0.7477211934723758,0.6290775868358996
0,1,1,../resources/encoder_training_docs/full_1_measure.txt,2,0,0.2,0.025,10,0,24,5,0.6819280589325385,15,linear,0.1,40,"bpm, measure, beat",30,20,selu,16,0.7266176918582294,0.673824316978248
0,1,1,../resources/encoder_training_docs/full_1_measure.txt,2,0,0.2,0.025,10,0,16,10,0.694335994412603,25,linear,0.0,40,"bpm, measure, beat",30,10,selu,16,0.7265373434301564,0.6851029778673744
0,1,1,../resources/encoder_training_docs/full_1_measure.txt,2,0,0.2,0.025,10,0,24,1,0.4180466468625634,25,linear,0.1,20,"bpm, measure, beat",40,20,selu,12,0.447490086813855,0.40423796572814635
0,1,1,../resources/encoder_training_docs/full_1_measure.txt,2,0,0.2,0.025,10,0,16,10,0.5020329595022838,15,linear,0.05,20,"bpm, measure, beat",30,20,selu,16,0.5180725422009588,0.5010487744922595
0,1,1,../resources/encoder_training_docs/full_1_measure.txt,2,0,0.2,0.025,10,0,16,10,0.4997310212145787,15,linear,0.0,20,"bpm, measure, beat",40,10,selu,12,0.5456782089371464,0.48955496753623406
0,1,1,../resources/encoder_training_docs/full_1_measure.txt,2,0,0.2,0.025,10,0,24,1,0.6403335147429137,15,linear,0.1,20,"bpm, measure, beat",40,15,selu,12,0.7093318594589583,0.6094380045388563
0,1,1,../resources/encoder_training_docs/full_1_measure.txt,2,0,0.2,0.025,10,0,20,1,0.5894840805994189,25,linear,0.05,40,"bpm, measure, beat",40,10,selu,12,0.6588200521882094,0.5602135058341459
0,1,1,../resources/encoder_training_docs/full_1_measure.txt,2,0,0.2,0.025,10,0,24,10,0.5860571224064507,25,linear,0.05,20,"bpm, measure, beat",30,15,selu,12,0.6583851354980707,0.5503322210525804
0,1,1,../resources/encoder_training_docs/full_1_measure.txt,2,0,0.2,0.025,10,0,16,1,0.6543704809789339,15,linear,0.0,40,"bpm, measure, beat",30,20,selu,16,0.6759410559936431,0.671659413297406
0,1,1,../resources/encoder_training_docs/full_1_measure.txt,2,0,0.2,0.025,10,0,16,5,0.6247340724130962,15,linear,0.1,40,"bpm, measure, beat",30,10,selu,16,0.6712450843464283,0.6096587170923339
0,1,1,../resources/encoder_training_docs/full_1_measure.txt,2,0,0.2,0.025,10,0,20,5,0.6134871835431832,15,linear,0.1,40,"bpm, measure, beat",40,20,selu,12,0.7024276690949366,0.5694560459592458
0,1,1,../resources/encoder_training_docs/full_1_measure.txt,2,0,0.2,0.025,10,0,16,5,0.726204075019241,15,linear,0.1,20,"bpm, measure, beat",30,10,selu,16,0.7720585289467975,0.7113244487652071
0,1,1,../resources/encoder_training_docs/full_1_measure.txt,2,0,0.2,0.025,10,0,20,1,0.640610262246395,15,linear,0.05,20,"bpm, measure, beat",30,20,selu,12,0.7177508153342838,0.6024790908943899
0,1,1,../resources/encoder_training_docs/full_1_measure.txt,2,0,0.2,0.025,10,0,20,5,0.5770268843976195,25,linear,0.05,40,"bpm, measure, beat",30,10,selu,12,0.6408025522166807,0.5540169742454294
0,1,1,../resources/encoder_training_docs/full_1_measure.txt,2,0,0.2,0.025,10,0,20,1,0.6359860740572555,25,linear,0.1,40,"bpm, measure, beat",30,15,selu,12,0.7101019534395229,0.6056963534821119
0,1,1,../resources/encoder_training_docs/full_1_measure.txt,2,0,0.2,0.025,10,0,16,5,0.4864701677191204,25,linear,0.0,20,"bpm, measure, beat",40,15,selu,12,0.5303890190799296,0.46600469955133034
0,1,1,../resources/encoder_training_docs/full_1_measure.txt,2,0,0.2,0.025,10,0,16,10,0.57975099031726,15,linear,0.0,40,"bpm, measure, beat",30,10,selu,12,0.6361430251782688,0.5659701214326257
0,1,1,../resources/encoder_training_docs/full_1_measure.txt,2,0,0.2,0.025,10,0,20,5,0.5161336082604643,25,linear,0.05,20,"bpm, measure, beat",30,20,selu,12,0.589129898495825,0.4800745683347231
0,1,1,../resources/encoder_training_docs/full_1_measure.txt,2,0,0.2,0.025,10,0,20,5,0.6455613042414315,15,linear,0.0,20,"bpm, measure, beat",30,10,selu,16,0.6621839401914712,0.6440993013349048
0,1,1,../resources/encoder_training_docs/full_1_measure.txt,2,0,0.2,0.025,10,0,24,10,0.3984507116686775,15,linear,0.0,20,"bpm, measure, beat",40,20,selu,12,0.42622848944645503,0.3847376314999009
0,1,1,../resources/encoder_training_docs/full_1_measure.txt,2,0,0.2,0.025,10,0,24,10,0.6123522228562145,25,linear,0.1,20,"bpm, measure, beat",40,20,selu,12,0.6913890799682664,0.580481057016741
0,1,1,../resources/encoder_training_docs/full_1_measure.txt,2,0,0.2,0.025,10,0,24,5,0.6550169954312007,25,linear,0.05,40,"bpm, measure, beat",30,15,selu,16,0.693054272366744,0.6417917070582136
0,1,1,../resources/encoder_training_docs/full_1_measure.txt,2,0,0.2,0.025,10,0,24,1,0.6493573186749373,25,linear,0.0,20,"bpm, measure, beat",40,15,selu,12,0.7255497010687563,0.614337363471655
0,1,1,../resources/encoder_training_docs/full_1_measure.txt,2,0,0.2,0.025,10,0,24,1,0.6018164332927621,15,linear,0.0,20,"bpm, measure, beat",40,15,selu,12,0.6657589686322839,0.570284270814941
0,1,1,../resources/encoder_training_docs/full_1_measure.txt,2,0,0.2,0.025,10,0,16,1,0.5953162177623984,25,linear,0.1,40,"bpm, measure, beat",30,10,selu,12,0.6437611066289284,0.5786523817906151
0,1,1,../resources/encoder_training_docs/full_1_measure.txt,2,0,0.2,0.025,10,0,20,5,0.5871332183966088,25,linear,0.1,20,"bpm, measure, beat",30,20,selu,16,0.6661972831355419,0.548380759066989
0,1,1,../resources/encoder_training_docs/full_1_measure.txt,2,0,0.2,0.025,10,0,24,1,0.7251001534647576,15,linear,0.0,40,"bpm, measure, beat",40,20,selu,16,0.7285047423884015,0.7362493209503532
0,1,1,../resources/encoder_training_docs/full_1_measure.txt,2,0,0.2,0.025,10,0,16,5,0.6594823660412507,25,linear,0.05,40,"bpm, measure, beat",40,20,selu,12,0.7370027837358375,0.6237983931875846
0,1,1,../resources/encoder_training_docs/full_1_measure.txt,2,0,0.2,0.025,10,0,16,10,0.6754513116085539,15,linear,0.05,40,"bpm, measure, beat",30,10,selu,16,0.72488135011994,0.6571765998890585
0,1,1,../resources/encoder_training_docs/full_1_measure.txt,2,0,0.2,0.025,10,0,16,5,0.6688984633332202,25,linear,0.05,40,"bpm, measure, beat",30,10,selu,12,0.7296938966661259,0.6512521281400275
0,1,1,../resources/encoder_training_docs/full_1_measure.txt,2,0,0.2,0.025,10,0,24,1,0.6588807060747593,25,linear,0.05,20,"bpm, measure, beat",40,15,selu,16,0.6828355115636814,0.661986407724251
0,1,1,../resources/encoder_training_docs/full_1_measure.txt,2,0,0.2,0.025,10,0,16,1,0.5627846197197566,25,linear,0.1,40,"bpm, measure, beat",40,10,selu,12,0.6010034604124033,0.5604559606797052
0,1,1,../resources/encoder_training_docs/full_1_measure.txt,2,0,0.2,0.025,10,0,24,1,0.4562340410616721,25,linear,0.05,20,"bpm, measure, beat",30,20,selu,16,0.4724330536120447,0.46116771014193597
0,1,1,../resources/encoder_training_docs/full_1_measure.txt,2,0,0.2,0.025,10,0,20,10,0.6364289118947305,15,linear,0.05,20,"bpm, measure, beat",30,20,selu,16,0.6558867153751268,0.6493983301066337
0,1,1,../resources/encoder_training_docs/full_1_measure.txt,2,0,0.2,0.025,10,0,20,1,0.619138740316433,25,linear,0.1,20,"bpm, measure, beat",30,10,selu,16,0.6376826636613692,0.6169063524643607
0,1,1,../resources/encoder_training_docs/full_1_measure.txt,2,0,0.2,0.025,10,0,24,5,0.6516453097807381,15,linear,0.05,40,"bpm, measure, beat",30,15,selu,16,0.6534067899970646,0.6789426542688893
